{"fundemental_ts_0": {"ts_0": {"periods": [18.559398153003666, 9.419970746382667, 23.31440622721181, 6.922153193389908, 30.20459213313914], "coeffs": [0.4696900506246615, 5.281221645269595, 3.733624592206117, 4.876871568388463, 5.448721991809583], "conts": 0.0, "noice": 0.0, "trend_power": 1}, "ts_1": {"periods": [14.647340918107776, 36.20043569288906, 59.83795332084245, 28.50441975145766, 23.169805659383822], "coeffs": [0.4696900506246615, 5.281221645269595, 3.733624592206117, 4.876871568388463, 5.448721991809583], "conts": 0.0, "noice": 0.0, "trend_power": 1}, "ts_2": {"periods": [18.81078186194953, 14.115239915515499, 24.722416374182174, 7.071156696506861, 26.434598457666166], "coeffs": [0.4696900506246615, 5.281221645269595, 3.733624592206117, 4.876871568388463, 5.448721991809583], "conts": 0.0, "noice": 0.0, "trend_power": 1}, "ts_3": {"periods": [57.0574468606752, 7.106512000858122, 70.63051473190244, 26.369138485925784, 10.865711723264884], "coeffs": [0.4696900506246615, 5.281221645269595, 3.733624592206117, 4.876871568388463, 5.448721991809583], "conts": 0.0, "noice": 0.0, "trend_power": 1}, "ts_4": {"periods": [17.22228319620711, 21.812335436990793, 9.786220943799988, 18.455081376049783, 17.381302397072414], "coeffs": [0.4696900506246615, 5.281221645269595, 3.733624592206117, 4.876871568388463, 5.448721991809583], "conts": 0.0, "noice": 0.0, "trend_power": 1}}, "fundemental_ts_1": {"ts_0": {"periods": [29.773023816582104, 13.136528127908669, 24.599171538928562, 22.92477080658931, 5.532036475476847], "coeffs": [4.474124386436406, 0.9775787276559678, 3.517714005063464, 1.3943654002576955, 5.823369319474326], "conts": 0.0, "noice": 0.0, "trend_power": 1}, "ts_1": {"periods": [17.319683405031913, 28.696173894956793, 43.40758073256658, 20.68370436618115, 22.631968908862838], "coeffs": [4.474124386436406, 0.9775787276559678, 3.517714005063464, 1.3943654002576955, 5.823369319474326], "conts": 0.0, "noice": 0.0, "trend_power": 1}, "ts_2": {"periods": [11.814276359870977, 18.730221845844056, 12.295129633997465, 18.149869071099772, 21.295254875182763], "coeffs": [4.474124386436406, 0.9775787276559678, 3.517714005063464, 1.3943654002576955, 5.823369319474326], "conts": 0.0, "noice": 0.0, "trend_power": 1}, "ts_3": {"periods": [33.12608927203857, 68.29867681343437, 8.145176553544506, 41.21434243715804, 22.267722314261018], "coeffs": [4.474124386436406, 0.9775787276559678, 3.517714005063464, 1.3943654002576955, 5.823369319474326], "conts": 0.0, "noice": 0.0, "trend_power": 1}, "ts_4": {"periods": [31.853103235906516, 34.863385519566066, 14.589431821158062, 27.440972342214117, 23.75317551558465], "coeffs": [4.474124386436406, 0.9775787276559678, 3.517714005063464, 1.3943654002576955, 5.823369319474326], "conts": 0.0, "noice": 0.0, "trend_power": 1}}, "fundemental_ts_2": {"ts_0": {"periods": [10.555733049330644, 10.495752796401838, 22.81919725442113, 28.996558834185738, 34.883488606911044], "coeffs": [0.3867649632561233, 6.317638210114726, 0.7585144067858629, 4.512872566728107, 1.0738960707745295], "conts": 0.0, "noice": 0.0, "trend_power": 1}, "ts_1": {"periods": [30.191054542580954, 6.472332066285054, 53.63165090546706, 21.421231969582657, 66.25564582626332], "coeffs": [0.3867649632561233, 6.317638210114726, 0.7585144067858629, 4.512872566728107, 1.0738960707745295], "conts": 0.0, "noice": 0.0, "trend_power": 1}, "ts_2": {"periods": [33.53795864825217, 6.542731557116721, 8.395726501013705, 19.44875508892951, 23.23665287147352], "coeffs": [0.3867649632561233, 6.317638210114726, 0.7585144067858629, 4.512872566728107, 1.0738960707745295], "conts": 0.0, "noice": 0.0, "trend_power": 1}, "ts_3": {"periods": [21.29155234873496, 29.588763242114695, 32.63983535593113, 47.112689836297044, 47.00183247817526], "coeffs": [0.3867649632561233, 6.317638210114726, 0.7585144067858629, 4.512872566728107, 1.0738960707745295], "conts": 0.0, "noice": 0.0, "trend_power": 1}, "ts_4": {"periods": [14.055223558884906, 22.06856218695451, 33.87847479823683, 33.820398657294916, 29.383736290917664], "coeffs": [0.3867649632561233, 6.317638210114726, 0.7585144067858629, 4.512872566728107, 1.0738960707745295], "conts": 0.0, "noice": 0.0, "trend_power": 1}}, "fundemental_ts_3": {"ts_0": {"periods": [24.264454697347222, 18.526232607384955, 19.00205378909373, 6.612648919421264, 11.573840390148217], "coeffs": [6.167242679668916, 1.8576824016475038, 3.743518782197653, 6.239626496465531, 3.6474362743672795], "conts": 0.0, "noice": 0.0, "trend_power": 1}, "ts_1": {"periods": [13.135136418426882, 70.29595077810805, 69.13053975626, 55.541031309961525, 43.281169305194496], "coeffs": [6.167242679668916, 1.8576824016475038, 3.743518782197653, 6.239626496465531, 3.6474362743672795], "conts": 0.0, "noice": 0.0, "trend_power": 1}, "ts_2": {"periods": [31.21351703091993, 16.4718134866238, 12.278115317950363, 12.420448640760661, 31.265337989467948], "coeffs": [6.167242679668916, 1.8576824016475038, 3.743518782197653, 6.239626496465531, 3.6474362743672795], "conts": 0.0, "noice": 0.0, "trend_power": 1}, "ts_3": {"periods": [73.59542521656981, 43.68691614786448, 53.86918479044469, 11.043447691855615, 9.655100616376227], "coeffs": [6.167242679668916, 1.8576824016475038, 3.743518782197653, 6.239626496465531, 3.6474362743672795], "conts": 0.0, "noice": 0.0, "trend_power": 1}, "ts_4": {"periods": [32.98385428753733, 19.922734195253597, 24.704693109173945, 16.75957992291049, 31.476038215425486], "coeffs": [6.167242679668916, 1.8576824016475038, 3.743518782197653, 6.239626496465531, 3.6474362743672795], "conts": 0.0, "noice": 0.0, "trend_power": 1}}, "fundemental_ts_4": {"ts_0": {"periods": [34.32950029987399, 22.68972588423736, 6.187758155511953, 25.464723234137896, 25.9397221639131], "coeffs": [1.9561297331554708, 0.7795184515241249, 2.965022006843788, 2.990360820183503, 4.981655844256413], "conts": 0.0, "noice": 0.0, "trend_power": 1}, "ts_1": {"periods": [41.5065680874207, 48.62383122029142, 67.31037886092686, 14.328276251681396, 32.75623234381874], "coeffs": [1.9561297331554708, 0.7795184515241249, 2.965022006843788, 2.990360820183503, 4.981655844256413], "conts": 0.0, "noice": 0.0, "trend_power": 1}, "ts_2": {"periods": [25.186578317184487, 13.024130714379982, 14.41735527347308, 5.649737494220761, 7.028691819327052], "coeffs": [1.9561297331554708, 0.7795184515241249, 2.965022006843788, 2.990360820183503, 4.981655844256413], "conts": 0.0, "noice": 0.0, "trend_power": 1}, "ts_3": {"periods": [25.22628919787231, 56.11040255602978, 64.39312689212048, 41.29734054829055, 68.54972059819704], "coeffs": [1.9561297331554708, 0.7795184515241249, 2.965022006843788, 2.990360820183503, 4.981655844256413], "conts": 0.0, "noice": 0.0, "trend_power": 1}, "ts_4": {"periods": [22.842824127016833, 8.097822382149449, 27.193750349034545, 8.220291986363206, 32.73765321865681], "coeffs": [1.9561297331554708, 0.7795184515241249, 2.965022006843788, 2.990360820183503, 4.981655844256413], "conts": 0.0, "noice": 0.0, "trend_power": 1}}, "fundemental_ts_5": {"ts_0": {"periods": [6.646480693834626, 18.49168925042519, 9.171675173518311, 16.107013711126623, 14.945792356698803], "coeffs": [4.083074622727133, 3.69477897876211, 3.5115574971535306, 6.06876562641704, 1.7912059880187892], "conts": 0.0, "noice": 0.0, "trend_power": 1}, "ts_1": {"periods": [20.68229871492742, 27.09353068550701, 9.042852745900653, 61.9342632165625, 60.62828683484321], "coeffs": [4.083074622727133, 3.69477897876211, 3.5115574971535306, 6.06876562641704, 1.7912059880187892], "conts": 0.0, "noice": 0.0, "trend_power": 1}, "ts_2": {"periods": [27.642404195724733, 25.782761745361658, 11.175519961785383, 30.547226107827793, 16.32738433908053], "coeffs": [4.083074622727133, 3.69477897876211, 3.5115574971535306, 6.06876562641704, 1.7912059880187892], "conts": 0.0, "noice": 0.0, "trend_power": 1}, "ts_3": {"periods": [42.10277420945152, 41.996381233626146, 7.405073414412361, 32.632114387764396, 31.508113603365935],