{"fundemental_ts_0": {"ts_0": {"periods": [28.99899429260979, 28.415934992532343, 34.2185399214848, 34.79371396378879, 7.22719530830871], "coeffs": [1.122207534790498, 0.998760766301208, 6.709844326539637, 0.9755644025179876, 1.0936554924339887], "conts": 0.0, "noice": 0.0, "trend_power": 1}, "ts_1": {"periods": [6.878952779084284, 48.79415391577719, 69.63901154551993, 27.39066130931482, 35.95344057655471], "coeffs": [1.122207534790498, 0.998760766301208, 6.709844326539637, 0.9755644025179876, 1.0936554924339887], "conts": 0.0, "noice": 0.0, "trend_power": 1}, "ts_2": {"periods": [22.37692021299434, 30.580346341798705, 25.947326622672165, 27.68965407190471, 14.101858228093938], "coeffs": [1.122207534790498, 0.998760766301208, 6.709844326539637, 0.9755644025179876, 1.0936554924339887], "conts": 0.0, "noice": 0.0, "trend_power": 1}, "ts_3": {"periods": [50.54307177011536, 70.43298198065501, 42.75574568990479, 45.43199900457179, 64.21133108956323], "coeffs": [1.122207534790498, 0.998760766301208, 6.709844326539637, 0.9755644025179876, 1.0936554924339887], "conts": 0.0, "noice": 0.0, "trend_power": 1}, "ts_4": {"periods": [21.62796199793752, 9.855844876768275, 34.991907715912404, 24.293710000937725, 28.382932584616313], "coeffs": [1.122207534790498, 0.998760766301208, 6.709844326539637, 0.9755644025179876, 1.0936554924339887], "conts": 0.0, "noice": 0.0, "trend_power": 1}}, "fundemental_ts_1": {"ts_0": {"periods": [24.52318691094475, 12.384242177756327, 29.100222606648416, 33.426532949762446, 33.64252666908929], "coeffs": [3.446822971457862, 5.7513011228978845, 6.520889192972181, 6.257805314961945, 5.254149820871976], "conts": 0.0, "noice": 0.0, "trend_power": 1}, "ts_1": {"periods": [41.880206264213065, 53.43962724690564, 8.055440487783185, 10.877612052676639, 12.50013291774668], "coeffs": [3.446822971457862, 5.7513011228978845, 6.520889192972181, 6.257805314961945, 5.254149820871976], "conts": 0.0, "noice": 0.0, "trend_power": 1}, "ts_2": {"periods": [19.083726507125125, 26.046632761744576, 23.09538285910247, 33.088207242622246, 16.13292736062161], "coeffs": [3.446822971457862, 5.7513011228978845, 6.520889192972181, 6.257805314961945, 5.254149820871976], "conts": 0.0, "noice": 0.0, "trend_power": 1}, "ts_3": {"periods": [59.48638358269988, 17.32908005419341, 44.89896069643174, 61.95757245574186, 51.60141988324858], "coeffs": [3.446822971457862, 5.7513011228978845, 6.520889192972181, 6.257805314961945, 5.254149820871976], "conts": 0.0, "noice": 0.0, "trend_power": 1}, "ts_4": {"periods": [25.386414672982784, 5.324400896137085, 30.17612413370349, 15.10197992576314, 19.992791694080598], "coeffs": [3.446822971457862, 5.7513011228978845, 6.520889192972181, 6.257805314961945, 5.254149820871976], "conts": 0.0, "noice": 0.0, "trend_power": 1}}, "fundemental_ts_2": {"ts_0": {"periods": [26.988135623812312, 34.86692241115968, 25.331674690963258, 16.39955970347122, 17.45634455240688], "coeffs": [2.096368392257186, 5.575767739613195, 3.0050706679266055, 4.468758737388773, 1.3797087130983878], "conts": 0.0, "noice": 0.0, "trend_power": 1}, "ts_1": {"periods": [12.961833551420758, 26.809124303818287, 58.812480055816145, 66.15060973891349, 10.875116386195161], "coeffs": [2.096368392257186, 5.575767739613195, 3.0050706679266055, 4.468758737388773, 1.3797087130983878], "conts": 0.0, "noice": 0.0, "trend_power": 1}, "ts_2": {"periods": [23.653384469000144, 6.187736875502292, 11.989979121765955, 25.073890418589745, 24.94419325687247], "coeffs": [2.096368392257186, 5.575767739613195, 3.0050706679266055, 4.468758737388773, 1.3797087130983878], "conts": 0.0, "noice": 0.0, "trend_power": 1}, "ts_3": {"periods": [9.608429548951289, 71.53867141746927, 20.15728009774897, 59.8541894573739, 70.88267096156635], "coeffs": [2.096368392257186, 5.575767739613195, 3.0050706679266055, 4.468758737388773, 1.3797087130983878], "conts": 0.0, "noice": 0.0, "trend_power": 1}, "ts_4": {"periods": [6.658650401530241, 30.901040327140603, 7.472010901447955, 13.900124686846414, 17.678318852390895], "coeffs": [2.096368392257186, 5.575767739613195, 3.0050706679266055, 4.468758737388773, 1.3797087130983878], "conts": 0.0, "noice": 0.0, "trend_power": 1}}, "fundemental_ts_3": {"ts_0": {"periods": [5.720332668465199, 6.75560350812661, 17.404054714172574, 27.720458824734713, 13.554382542949561], "coeffs": [4.50235119385129, 1.6956820732770437, 2.2753511973230824, 3.330832318271721, 6.74786992843828], "conts": 0.0, "noice": 0.0, "trend_power": 1}, "ts_1": {"periods": [27.812711425383753, 11.08968504202133, 67.20094981933099, 52.001906864137325, 25.780958392995302], "coeffs": [4.50235119385129, 1.6956820732770437, 2.2753511973230824, 3.330832318271721, 6.74786992843828], "conts": 0.0, "noice": 0.0, "trend_power": 1}, "ts_2": {"periods": [18.44521096314844, 22.789060934879625, 15.4744611516252, 16.422843614333026, 13.332553332939467], "coeffs": [4.50235119385129, 1.6956820732770437, 2.2753511973230824, 3.330832318271721, 6.74786992843828], "conts": 0.0, "noice": 0.0, "trend_power": 1}, "ts_3": {"periods": [34.22518969897534, 8.390793380089375, 29.400610025623198, 74.04148799463005, 41.20033851864779], "coeffs": [4.50235119385129, 1.6956820732770437, 2.2753511973230824, 3.330832318271721, 6.74786992843828], "conts": 0.0, "noice": 0.0, "trend_power": 1}, "ts_4": {"periods": [29.26138510263988, 9.596974547300992, 21.765730009084223, 23.270465022145395, 25.021387312418316], "coeffs": [4.50235119385129, 1.6956820732770437, 2.2753511973230824, 3.330832318271721, 6.74786992843828], "conts": 0.0, "noice": 0.0, "trend_power": 1}}, "fundemental_ts_4": {"ts_0": {"periods": [28.623217006092133, 19.64629688501893, 20.507930561114442, 11.8469086545216, 26.642252994264073], "coeffs": [2.6400357420208613, 0.16395001019260236, 1.664451671703761, 1.1818110605206562, 1.081508302302824], "conts": 0.0, "noice": 0.0, "trend_power": 1}, "ts_1": {"periods": [23.209390109396065, 35.400121449608804, 15.413079037893901, 22.478410483731555, 71.26982308402715], "coeffs": [2.6400357420208613, 0.16395001019260236, 1.664451671703761, 1.1818110605206562, 1.081508302302824], "conts": 0.0, "noice": 0.0, "trend_power": 1}, "ts_2": {"periods": [16.44579835325986, 10.391436991152453, 25.09984168939258, 27.433944991230753, 22.735383462652507], "coeffs": [2.6400357420208613, 0.16395001019260236, 1.664451671703761, 1.1818110605206562, 1.081508302302824], "conts": 0.0, "noice": 0.0, "trend_power": 1}, "ts_3": {"periods": [49.823646354919426, 31.115681772580707, 53.575778267936194, 48.560698665447156, 74.03356513452], "coeffs": [2.6400357420208613, 0.16395001019260236, 1.664451671703761, 1.1818110605206562, 1.081508302302824], "conts": 0.0, "noice": 0.0, "trend_power": 1}, "ts_4": {"periods": [12.328392207774417, 9.626001416623685, 29.99509172810171, 25.73621924591736, 15.735571017382576], "coeffs": [2.6400357420208613, 0.16395001019260236, 1.664451671703761, 1.1818110605206562, 1.081508302302824], "conts": 0.0, "noice": 0.0, "trend_power": 1}}, "fundemental_ts_5": {"ts_0": {"periods": [17.46636063113077, 12.186245942576166, 25.765091793976115, 10.24952920718168, 7.685268580979587], "coeffs": [2.9149485814707448, 1.7245745013348701, 0.5574209318305438, 6.751119309525312, 0.049226683291500595], "conts": 0.0, "noice": 0.0, "trend_power": 1}, "ts_1": {"periods": [66.27257259524777, 74.93832318679101, 30.63241564664403, 16.856209889829636, 16.483006597900253], "coeffs": [2.9149485814707448, 1.7245745013348701, 0.5574209318305438, 6.751119309525312, 0.049226683291500595], "conts": 0.0, "noice": 0.0, "trend_power": 1}, "ts_2": {"periods": [32.640751951379826, 8.024708526152494, 13.46654375274463, 27.254391059343654, 10.139347108667495], "coeffs": [2.9149485814707448, 1.7245745013348701, 0.5574209318305438, 6.751119309525312, 0.049226683291500595], "conts": 0.0, "noice": 0.0, "trend_power": 1}, "ts_3": {"periods": [28.489784560429356, 5.1341627522436815, 15.973470176311395, 32.17680893832278, 63.55842973795573],