{"fundemental_ts_0": {"ts_0": {"periods": [21.866990743653705, 20.436557083693668, 5.526822328857596, 21.25624351151558, 14.735929158744309], "coeffs": [3.5939673089109943, 4.5373239212092935, 4.834240039445701, 1.4994185480006084, 5.447524799200928], "conts": 0.0, "noice": 0.0, "trend_power": 1}, "ts_1": {"periods": [28.375021738336983, 57.52323017073886, 49.37448138348997, 52.02456822099264, 68.48411963536887], "coeffs": [3.5939673089109943, 4.5373239212092935, 4.834240039445701, 1.4994185480006084, 5.447524799200928], "conts": 0.0, "noice": 0.0, "trend_power": 1}, "ts_2": {"periods": [23.56926845567485, 11.149196803793947, 14.330617838998055, 16.122466591118624, 29.98771497958812], "coeffs": [3.5939673089109943, 4.5373239212092935, 4.834240039445701, 1.4994185480006084, 5.447524799200928], "conts": 0.0, "noice": 0.0, "trend_power": 1}, "ts_3": {"periods": [32.34818865649501, 59.5592062617192, 65.59122742298305, 67.8706637694734, 28.844444111254962], "coeffs": [3.5939673089109943, 4.5373239212092935, 4.834240039445701, 1.4994185480006084, 5.447524799200928], "conts": 0.0, "noice": 0.0, "trend_power": 1}, "ts_4": {"periods": [12.632379737315015, 31.1574816044887, 19.358519105781774, 5.131584260462559, 13.478902474001808], "coeffs": [3.5939673089109943, 4.5373239212092935, 4.834240039445701, 1.4994185480006084, 5.447524799200928], "conts": 0.0, "noice": 0.0, "trend_power": 1}}, "fundemental_ts_1": {"ts_0": {"periods": [17.338086615186477, 21.159245988189003, 7.952577774386126, 32.488004516699796, 24.53004794331457], "coeffs": [4.446748636622421, 2.517787579752496, 4.2376163417471755, 6.33586789792861, 4.22351168322106], "conts": 0.0, "noice": 0.0, "trend_power": 1}, "ts_1": {"periods": [11.573695245376474, 43.790914535211584, 53.411048098994854, 47.272224576163396, 22.21152088100344], "coeffs": [4.446748636622421, 2.517787579752496, 4.2376163417471755, 6.33586789792861, 4.22351168322106], "conts": 0.0, "noice": 0.0, "trend_power": 1}, "ts_2": {"periods": [29.82830135182325, 13.225693216652555, 26.90795434639039, 18.409593044925117, 19.824533615511065], "coeffs": [4.446748636622421, 2.517787579752496, 4.2376163417471755, 6.33586789792861, 4.22351168322106], "conts": 0.0, "noice": 0.0, "trend_power": 1}, "ts_3": {"periods": [11.556002144519944, 38.86976731655237, 45.322115612494876, 55.87064122109242, 60.08594905600245], "coeffs": [4.446748636622421, 2.517787579752496, 4.2376163417471755, 6.33586789792861, 4.22351168322106], "conts": 0.0, "noice": 0.0, "trend_power": 1}, "ts_4": {"periods": [14.62591553878445, 24.20520897930607, 13.922228609552132, 31.963884586304708, 14.509329548774165], "coeffs": [4.446748636622421, 2.517787579752496, 4.2376163417471755, 6.33586789792861, 4.22351168322106], "conts": 0.0, "noice": 0.0, "trend_power": 1}}, "fundemental_ts_2": {"ts_0": {"periods": [16.575209906103236, 10.197882762678983, 26.73887285578546, 15.853251562847028, 21.31622430661041], "coeffs": [4.350277761515507, 4.475922528139156, 0.6721020395238984, 3.792988939262869, 0.660031748694032], "conts": 0.0, "noice": 0.0, "trend_power": 1}, "ts_1": {"periods": [57.34556139877189, 16.735808884606218, 5.705232761721515, 52.768660513466344, 39.65421991893328], "coeffs": [4.350277761515507, 4.475922528139156, 0.6721020395238984, 3.792988939262869, 0.660031748694032], "conts": 0.0, "noice": 0.0, "trend_power": 1}, "ts_2": {"periods": [11.366063146298911, 13.523900462468184, 14.876404728417494, 25.91274348508157, 16.430126200058126], "coeffs": [4.350277761515507, 4.475922528139156, 0.6721020395238984, 3.792988939262869, 0.660031748694032], "conts": 0.0, "noice": 0.0, "trend_power": 1}, "ts_3": {"periods": [12.659977707429892, 25.586413584845612, 11.469363649330637, 72.80584574735595, 37.891714204333724], "coeffs": [4.350277761515507, 4.475922528139156, 0.6721020395238984, 3.792988939262869, 0.660031748694032], "conts": 0.0, "noice": 0.0, "trend_power": 1}, "ts_4": {"periods": [12.866022406944406, 31.225494918011467, 12.349490942813638, 7.139051014440892, 30.567724001689935], "coeffs": [4.350277761515507, 4.475922528139156, 0.6721020395238984, 3.792988939262869, 0.660031748694032], "conts": 0.0, "noice": 0.0, "trend_power": 1}}, "fundemental_ts_3": {"ts_0": {"periods": [9.483222061723469, 6.775141006872293, 20.52616603138992, 16.149977960769107, 17.80376929629614], "coeffs": [0.83656981040848, 0.8342101071765847, 0.7281257239961987, 0.13747479053797074, 6.838289842437824], "conts": 0.0, "noice": 0.0, "trend_power": 1}, "ts_1": {"periods": [21.70747914412846, 18.365321108782616, 18.0309091179253, 71.46340648954653, 59.741843518457436], "coeffs": [0.83656981040848, 0.8342101071765847, 0.7281257239961987, 0.13747479053797074, 6.838289842437824], "conts": 0.0, "noice": 0.0, "trend_power": 1}, "ts_2": {"periods": [11.020320727463927, 29.32272505493633, 24.05081320388224, 17.287881552032022, 34.90684136643244], "coeffs": [0.83656981040848, 0.8342101071765847, 0.7281257239961987, 0.13747479053797074, 6.838289842437824], "conts": 0.0, "noice": 0.0, "trend_power": 1}, "ts_3": {"periods": [66.1741071050742, 25.756858628161215, 40.55161558054697, 28.353931795715198, 25.8297803485051], "coeffs": [0.83656981040848, 0.8342101071765847, 0.7281257239961987, 0.13747479053797074, 6.838289842437824], "conts": 0.0, "noice": 0.0, "trend_power": 1}, "ts_4": {"periods": [14.325288144559252, 25.2149333626205, 33.35928879126318, 34.33716940045784, 26.298427610594015], "coeffs": [0.83656981040848, 0.8342101071765847, 0.7281257239961987, 0.13747479053797074, 6.838289842437824], "conts": 0.0, "noice": 0.0, "trend_power": 1}}, "fundemental_ts_4": {"ts_0": {"periods": [21.356642607719806, 25.222017007472445, 24.93345806899278, 10.8842382897708, 13.869926244704082], "coeffs": [1.3455129965666524, 5.124701493183457, 4.312191489044473, 6.142681771762626, 0.32120980000919963], "conts": 0.0, "noice": 0.0, "trend_power": 1}, "ts_1": {"periods": [22.810459227052462, 40.418800942977654, 34.088576773651425, 17.929820987554468, 26.586535690737175], "coeffs": [1.3455129965666524, 5.124701493183457, 4.312191489044473, 6.142681771762626, 0.32120980000919963], "conts": 0.0, "noice": 0.0, "trend_power": 1}, "ts_2": {"periods": [29.246358746622043, 5.247278784037258, 33.458699431401016, 25.99641826493238, 32.202940157326985], "coeffs": [1.3455129965666524, 5.124701493183457, 4.312191489044473, 6.142681771762626, 0.32120980000919963], "conts": 0.0, "noice": 0.0, "trend_power": 1}, "ts_3": {"periods": [55.58710922694475, 5.879545569300202, 32.700809796198136, 17.976295674539433, 64.88703663407702], "coeffs": [1.3455129965666524, 5.124701493183457, 4.312191489044473, 6.142681771762626, 0.32120980000919963], "conts": 0.0, "noice": 0.0, "trend_power": 1}, "ts_4": {"periods": [30.526452651605442, 21.253219929897483, 8.662236703984286, 24.242667971646082, 19.189795192580586], "coeffs": [1.3455129965666524, 5.124701493183457, 4.312191489044473, 6.142681771762626, 0.32120980000919963], "conts": 0.0, "noice": 0.0, "trend_power": 1}}, "fundemental_ts_5": {"ts_0": {"periods": [12.788422390543268, 5.570358640215053, 14.396708176513668, 32.26966284807071, 29.22485863974898], "coeffs": [4.451229431059697, 6.02106097730018, 4.879415915700887, 5.1133299139745425, 0.6877933541192178], "conts": 0.0, "noice": 0.0, "trend_power": 1}, "ts_1": {"periods": [60.760613979358666, 23.53196530240505, 31.013171512372633, 20.971916029757168, 14.725803151358228], "coeffs": [4.451229431059697, 6.02106097730018, 4.879415915700887, 5.1133299139745425, 0.6877933541192178], "conts": 0.0, "noice": 0.0, "trend_power": 1}, "ts_2": {"periods": [34.4435811158403, 7.413372543857138, 27.709396475042606, 12.97340264236167, 10.258197145486374], "coeffs": [4.451229431059697, 6.02106097730018, 4.879415915700887, 5.1133299139745425, 0.6877933541192178], "conts": 0.0, "noice": 0.0, "trend_power": 1}, "ts_3": {"periods": [26.27577893246684, 37.073769759270576, 13.771507403898886, 46.333325553536426, 37.881343905838534],