{"fundemental_ts_0": {"ts_0": {"periods": [28.731237695291366, 13.708901217834885, 20.269620731807507, 28.745814936671266, 33.47277984814036], "coeffs": [0.3812686835712077, 1.3965140325229264, 6.207366569819276, 1.8902936626564015, 1.423659740102364], "conts": 0.0, "noice": 0.0, "trend_power": 1}, "ts_1": {"periods": [8.064881114482901, 11.66082176993995, 55.08375203868306, 55.46194236398482, 6.119370632633297], "coeffs": [0.3812686835712077, 1.3965140325229264, 6.207366569819276, 1.8902936626564015, 1.423659740102364], "conts": 0.0, "noice": 0.0, "trend_power": 1}, "ts_2": {"periods": [12.425274590699653, 10.912988260428497, 11.245017552463715, 8.1107630156556, 25.44134829554812], "coeffs": [0.3812686835712077, 1.3965140325229264, 6.207366569819276, 1.8902936626564015, 1.423659740102364], "conts": 0.0, "noice": 0.0, "trend_power": 1}, "ts_3": {"periods": [7.121308311466694, 72.13335893149745, 26.621001961438804, 42.96207705044054, 54.55565925125004], "coeffs": [0.3812686835712077, 1.3965140325229264, 6.207366569819276, 1.8902936626564015, 1.423659740102364], "conts": 0.0, "noice": 0.0, "trend_power": 1}, "ts_4": {"periods": [22.910261745706038, 25.942578877682905, 5.537591271021242, 8.61047671945003, 30.11697967244988], "coeffs": [0.3812686835712077, 1.3965140325229264, 6.207366569819276, 1.8902936626564015, 1.423659740102364], "conts": 0.0, "noice": 0.0, "trend_power": 1}}, "fundemental_ts_1": {"ts_0": {"periods": [11.858302124652432, 8.05547062589296, 14.163212384761149, 34.80376427622946, 28.076743188870577], "coeffs": [6.864220367541609, 4.80373331001302, 3.254383033531297, 5.991330423678044, 0.998486829777999], "conts": 0.0, "noice": 0.0, "trend_power": 1}, "ts_1": {"periods": [44.04110029718366, 34.47741068182692, 46.92178130072883, 41.70788356991306, 64.98125613147988], "coeffs": [6.864220367541609, 4.80373331001302, 3.254383033531297, 5.991330423678044, 0.998486829777999], "conts": 0.0, "noice": 0.0, "trend_power": 1}, "ts_2": {"periods": [6.897842392263329, 25.353165678809077, 7.643473596480055, 18.790875416394208, 17.02939050155006], "coeffs": [6.864220367541609, 4.80373331001302, 3.254383033531297, 5.991330423678044, 0.998486829777999], "conts": 0.0, "noice": 0.0, "trend_power": 1}, "ts_3": {"periods": [5.274522611662883, 13.70138420500022, 38.72725519504414, 6.21496896601839, 54.77141549381898], "coeffs": [6.864220367541609, 4.80373331001302, 3.254383033531297, 5.991330423678044, 0.998486829777999], "conts": 0.0, "noice": 0.0, "trend_power": 1}, "ts_4": {"periods": [26.195312123662497, 21.369246759149842, 14.933147062010981, 13.72824950217423, 25.278691871353004], "coeffs": [6.864220367541609, 4.80373331001302, 3.254383033531297, 5.991330423678044, 0.998486829777999], "conts": 0.0, "noice": 0.0, "trend_power": 1}}, "fundemental_ts_2": {"ts_0": {"periods": [24.349124367393816, 5.188552078125475, 22.95180486243386, 18.970540371631174, 31.261532046941703], "coeffs": [6.357307936975343, 2.7235612691555735, 0.25313318272532626, 5.915402180964674, 5.929326488906521], "conts": 0.0, "noice": 0.0, "trend_power": 1}, "ts_1": {"periods": [39.821861301665095, 60.805318610884434, 74.16891669329428, 56.232987383228235, 60.845550045382915], "coeffs": [6.357307936975343, 2.7235612691555735, 0.25313318272532626, 5.915402180964674, 5.929326488906521], "conts": 0.0, "noice": 0.0, "trend_power": 1}, "ts_2": {"periods": [22.63562231954809, 10.236485393180832, 31.393457998512424, 14.448406748387493, 31.17107085407693], "coeffs": [6.357307936975343, 2.7235612691555735, 0.25313318272532626, 5.915402180964674, 5.929326488906521], "conts": 0.0, "noice": 0.0, "trend_power": 1}, "ts_3": {"periods": [42.52825380110245, 7.542469399656618, 40.26740231165011, 62.751294378574094, 25.736980843068704], "coeffs": [6.357307936975343, 2.7235612691555735, 0.25313318272532626, 5.915402180964674, 5.929326488906521], "conts": 0.0, "noice": 0.0, "trend_power": 1}, "ts_4": {"periods": [11.129044639471996, 29.099692647719674, 32.354378289606075, 11.391884466006823, 29.570835640186562], "coeffs": [6.357307936975343, 2.7235612691555735, 0.25313318272532626, 5.915402180964674, 5.929326488906521], "conts": 0.0, "noice": 0.0, "trend_power": 1}}, "fundemental_ts_3": {"ts_0": {"periods": [23.114642011516935, 34.740135014623675, 17.324749013203128, 5.551619433518055, 11.686056892628791], "coeffs": [3.7394994403596535, 5.577202216027725, 4.137974776137298, 6.221226388520579, 1.865770034692489], "conts": 0.0, "noice": 0.0, "trend_power": 1}, "ts_1": {"periods": [60.809120867817114, 49.95072575464736, 25.568772256035963, 8.053878195960253, 9.672330441659401], "coeffs": [3.7394994403596535, 5.577202216027725, 4.137974776137298, 6.221226388520579, 1.865770034692489], "conts": 0.0, "noice": 0.0, "trend_power": 1}, "ts_2": {"periods": [27.094252436995237, 14.131291697717733, 14.535414236051063, 27.28892437539375, 28.082356018009953], "coeffs": [3.7394994403596535, 5.577202216027725, 4.137974776137298, 6.221226388520579, 1.865770034692489], "conts": 0.0, "noice": 0.0, "trend_power": 1}, "ts_3": {"periods": [67.40417525787083, 41.29390641442723, 63.70489209212729, 63.52652303349198, 17.955651738458023], "coeffs": [3.7394994403596535, 5.577202216027725, 4.137974776137298, 6.221226388520579, 1.865770034692489], "conts": 0.0, "noice": 0.0, "trend_power": 1}, "ts_4": {"periods": [30.751334994752654, 9.55319043727314, 19.966111940823858, 23.59647914097102, 7.744941620546423], "coeffs": [3.7394994403596535, 5.577202216027725, 4.137974776137298, 6.221226388520579, 1.865770034692489], "conts": 0.0, "noice": 0.0, "trend_power": 1}}, "fundemental_ts_4": {"ts_0": {"periods": [7.209240576130304, 14.918199881355564, 24.950460839684165, 5.378464678799197, 19.174609558097526], "coeffs": [4.962219846663503, 6.59935617107926, 4.971124270777554, 3.2650976636193403, 4.890821695030612], "conts": 0.0, "noice": 0.0, "trend_power": 1}, "ts_1": {"periods": [36.228459583028155, 41.52618811467835, 7.182120619421072, 7.060845223219374, 46.48026890756718], "coeffs": [4.962219846663503, 6.59935617107926, 4.971124270777554, 3.2650976636193403, 4.890821695030612], "conts": 0.0, "noice": 0.0, "trend_power": 1}, "ts_2": {"periods": [20.035659398551445, 28.240082411651265, 11.53557993523355, 12.15459456409442, 15.431731042293826], "coeffs": [4.962219846663503, 6.59935617107926, 4.971124270777554, 3.2650976636193403, 4.890821695030612], "conts": 0.0, "noice": 0.0, "trend_power": 1}, "ts_3": {"periods": [61.85144125212062, 64.74652595946804, 61.83544256980079, 26.58936822498015, 43.66547502882419], "coeffs": [4.962219846663503, 6.59935617107926, 4.971124270777554, 3.2650976636193403, 4.890821695030612], "conts": 0.0, "noice": 0.0, "trend_power": 1}, "ts_4": {"periods": [10.920448413175325, 33.50728759013292, 18.6430141729576, 32.31694192505287, 5.632479473267557], "coeffs": [4.962219846663503, 6.59935617107926, 4.971124270777554, 3.2650976636193403, 4.890821695030612], "conts": 0.0, "noice": 0.0, "trend_power": 1}}, "fundemental_ts_5": {"ts_0": {"periods": [32.072592172282555, 30.59758998182012, 34.544631568634784, 26.14130461424472, 31.365202541961622], "coeffs": [6.9706649675977825, 3.970393837138049, 1.9440144492896065, 6.07826299682991, 6.908355905476041], "conts": 0.0, "noice": 0.0, "trend_power": 1}, "ts_1": {"periods": [11.78485384681619, 11.454817725588951, 30.286026110404215, 66.12622146165623, 65.36025620072228], "coeffs": [6.9706649675977825, 3.970393837138049, 1.9440144492896065, 6.07826299682991, 6.908355905476041], "conts": 0.0, "noice": 0.0, "trend_power": 1}, "ts_2": {"periods": [15.489842742042669, 32.1978323579675, 5.553198968935943, 6.162460053593859, 29.116951885590105], "coeffs": [6.9706649675977825, 3.970393837138049, 1.9440144492896065, 6.07826299682991, 6.908355905476041], "conts": 0.0, "noice": 0.0, "trend_power": 1}, "ts_3": {"periods": [14.13236222571518, 37.41000689845234, 55.77177166448266, 17.555852316625064, 71.91624800112915],