{"fundemental_ts_0": {"ts_0": {"periods": [14.214374977357057, 7.486503198668016, 29.925989622548546, 9.124632861879629, 25.47627098256747], "coeffs": [4.292040023474753, 3.0829104437105803, 2.083212899275404, 4.240700363265363, 3.272285882146645], "conts": 0.0, "noice": 0.0, "trend_power": 1}, "ts_1": {"periods": [26.77920627660992, 42.955408282557904, 51.884748977288226, 49.92111509988344, 22.423822525271568], "coeffs": [4.292040023474753, 3.0829104437105803, 2.083212899275404, 4.240700363265363, 3.272285882146645], "conts": 0.0, "noice": 0.0, "trend_power": 1}, "ts_2": {"periods": [25.59609209273794, 15.162981092250051, 17.740234560747275, 16.448214960347286, 12.606033982139984], "coeffs": [4.292040023474753, 3.0829104437105803, 2.083212899275404, 4.240700363265363, 3.272285882146645], "conts": 0.0, "noice": 0.0, "trend_power": 1}, "ts_3": {"periods": [29.08206239846971, 22.702867182732554, 56.22385562105279, 69.48372617416412, 31.990094471136942], "coeffs": [4.292040023474753, 3.0829104437105803, 2.083212899275404, 4.240700363265363, 3.272285882146645], "conts": 0.0, "noice": 0.0, "trend_power": 1}, "ts_4": {"periods": [17.584861283463283, 8.153969672951806, 23.6279590498672, 32.44915041865577, 17.6813632648428], "coeffs": [4.292040023474753, 3.0829104437105803, 2.083212899275404, 4.240700363265363, 3.272285882146645], "conts": 0.0, "noice": 0.0, "trend_power": 1}}, "fundemental_ts_1": {"ts_0": {"periods": [25.10290499785922, 27.342175183571594, 33.25599412029406, 32.42404648697875, 33.31186037372112], "coeffs": [2.5915353176045204, 4.738699357687598, 4.942383792916623, 0.3250263885066379, 3.211982645863845], "conts": 0.0, "noice": 0.0, "trend_power": 1}, "ts_1": {"periods": [69.7107164382956, 56.03955294291523, 70.75620614385302, 32.39036187166898, 47.11299508431524], "coeffs": [2.5915353176045204, 4.738699357687598, 4.942383792916623, 0.3250263885066379, 3.211982645863845], "conts": 0.0, "noice": 0.0, "trend_power": 1}, "ts_2": {"periods": [31.205759709314094, 17.247000830338376, 32.10202960477566, 13.820340245475705, 24.917706955002405], "coeffs": [2.5915353176045204, 4.738699357687598, 4.942383792916623, 0.3250263885066379, 3.211982645863845], "conts": 0.0, "noice": 0.0, "trend_power": 1}, "ts_3": {"periods": [48.394096237498424, 66.79657428250617, 72.57536378541296, 49.381310115414294, 33.79362178146562], "coeffs": [2.5915353176045204, 4.738699357687598, 4.942383792916623, 0.3250263885066379, 3.211982645863845], "conts": 0.0, "noice": 0.0, "trend_power": 1}, "ts_4": {"periods": [21.943055560546593, 19.939035436449988, 33.13139141481132, 27.013897964313045, 28.853980223794405], "coeffs": [2.5915353176045204, 4.738699357687598, 4.942383792916623, 0.3250263885066379, 3.211982645863845], "conts": 0.0, "noice": 0.0, "trend_power": 1}}, "fundemental_ts_2": {"ts_0": {"periods": [9.28458173765009, 26.075797369155236, 23.51422397615273, 14.461160543467274, 33.77780486421398], "coeffs": [6.34170053347358, 0.9762284496643914, 0.32394529485957924, 6.995092746448769, 3.008045966414777], "conts": 0.0, "noice": 0.0, "trend_power": 1}, "ts_1": {"periods": [64.49274226099135, 17.68232217003372, 19.96550593563755, 47.14930666913141, 37.492634706719194], "coeffs": [6.34170053347358, 0.9762284496643914, 0.32394529485957924, 6.995092746448769, 3.008045966414777], "conts": 0.0, "noice": 0.0, "trend_power": 1}, "ts_2": {"periods": [13.213392221778637, 9.139311511538327, 24.561354639004072, 5.0757690070382395, 11.292058947697443], "coeffs": [6.34170053347358, 0.9762284496643914, 0.32394529485957924, 6.995092746448769, 3.008045966414777], "conts": 0.0, "noice": 0.0, "trend_power": 1}, "ts_3": {"periods": [21.338582054648203, 28.258986142398463, 47.85982412363259, 39.92505793918895, 40.69876854259004], "coeffs": [6.34170053347358, 0.9762284496643914, 0.32394529485957924, 6.995092746448769, 3.008045966414777], "conts": 0.0, "noice": 0.0, "trend_power": 1}, "ts_4": {"periods": [7.683944351870676, 5.323193796738314, 29.13317870427386, 19.33981454178175, 26.145672980579356], "coeffs": [6.34170053347358, 0.9762284496643914, 0.32394529485957924, 6.995092746448769, 3.008045966414777], "conts": 0.0, "noice": 0.0, "trend_power": 1}}, "fundemental_ts_3": {"ts_0": {"periods": [29.697123678628973, 31.41500082790885, 26.470501092390776, 23.15890851382292, 25.625470807388346], "coeffs": [5.610369926230757, 2.00873008525666, 1.473149608211564, 4.507922345671873, 6.4419514839767125], "conts": 0.0, "noice": 0.0, "trend_power": 1}, "ts_1": {"periods": [16.638188835967643, 40.81439036234625, 45.765250212457474, 35.464541772286765, 53.9687027196716], "coeffs": [5.610369926230757, 2.00873008525666, 1.473149608211564, 4.507922345671873, 6.4419514839767125], "conts": 0.0, "noice": 0.0, "trend_power": 1}, "ts_2": {"periods": [21.46387710215471, 12.287423980916666, 11.804657913352337, 10.498550263618199, 32.31191858086348], "coeffs": [5.610369926230757, 2.00873008525666, 1.473149608211564, 4.507922345671873, 6.4419514839767125], "conts": 0.0, "noice": 0.0, "trend_power": 1}, "ts_3": {"periods": [8.675936114807062, 58.093490094288256, 30.24418421303317, 70.78443394958032, 18.05479728442081], "coeffs": [5.610369926230757, 2.00873008525666, 1.473149608211564, 4.507922345671873, 6.4419514839767125], "conts": 0.0, "noice": 0.0, "trend_power": 1}, "ts_4": {"periods": [14.840223954626307, 31.827596534256728, 14.935321119377047, 31.828137796355136, 8.025157947460754], "coeffs": [5.610369926230757, 2.00873008525666, 1.473149608211564, 4.507922345671873, 6.4419514839767125], "conts": 0.0, "noice": 0.0, "trend_power": 1}}, "fundemental_ts_4": {"ts_0": {"periods": [8.390969747774765, 12.141155109020119, 19.93419075226788, 5.677241745698641, 20.336037263926986], "coeffs": [1.9764740835168961, 6.612303941471765, 3.274916035666345, 5.350009577604664, 1.0825073868789254], "conts": 0.0, "noice": 0.0, "trend_power": 1}, "ts_1": {"periods": [45.68549928638298, 25.595599273002588, 47.47463855443505, 11.172297821832855, 8.390989743542573], "coeffs": [1.9764740835168961, 6.612303941471765, 3.274916035666345, 5.350009577604664, 1.0825073868789254], "conts": 0.0, "noice": 0.0, "trend_power": 1}, "ts_2": {"periods": [15.572520928010842, 23.50001719791772, 20.165985844502124, 19.591283780287206, 23.802630603301534], "coeffs": [1.9764740835168961, 6.612303941471765, 3.274916035666345, 5.350009577604664, 1.0825073868789254], "conts": 0.0, "noice": 0.0, "trend_power": 1}, "ts_3": {"periods": [44.915833143580244, 19.48365738670146, 60.463183900582166, 72.56931448654535, 13.921950738205744], "coeffs": [1.9764740835168961, 6.612303941471765, 3.274916035666345, 5.350009577604664, 1.0825073868789254], "conts": 0.0, "noice": 0.0, "trend_power": 1}, "ts_4": {"periods": [11.890534839496235, 27.69723893692066, 6.246072957700154, 23.32040728325881, 11.419009097062755], "coeffs": [1.9764740835168961, 6.612303941471765, 3.274916035666345, 5.350009577604664, 1.0825073868789254], "conts": 0.0, "noice": 0.0, "trend_power": 1}}, "fundemental_ts_5": {"ts_0": {"periods": [34.519153809037334, 27.56820593337428, 24.17149717106265, 21.30028357534512, 23.405408617890068], "coeffs": [5.918066822447059, 3.278996459069051, 1.4343333913857648, 0.20130035356265297, 2.35413203305684], "conts": 0.0, "noice": 0.0, "trend_power": 1}, "ts_1": {"periods": [58.500154075982785, 72.72637726683654, 65.91405640994417, 52.15906865008355, 12.293948247101591], "coeffs": [5.918066822447059, 3.278996459069051, 1.4343333913857648, 0.20130035356265297, 2.35413203305684], "conts": 0.0, "noice": 0.0, "trend_power": 1}, "ts_2": {"periods": [26.036856142756292, 13.913837741311829, 19.128182610286242, 16.204972190810878, 30.711361622508797], "coeffs": [5.918066822447059, 3.278996459069051, 1.4343333913857648, 0.20130035356265297, 2.35413203305684], "conts": 0.0, "noice": 0.0, "trend_power": 1}, "ts_3": {"periods": [17.146277376831442, 32.939770063877575, 70.38350827953964, 33.75403081657669, 53.736283386397844],