{"fundemental_ts_0": {"ts_0": {"periods": [29.03076961844189, 17.616404389322774, 34.81877095707859, 23.053567486399928, 11.831692321397151], "coeffs": [5.001424472408061, 3.9037126041743733, 2.9307635290595435, 0.670004529260441, 3.487568543068145], "conts": 0.0, "noice": 0.0, "trend_power": 1}, "ts_1": {"periods": [66.73948149530126, 41.762853539257655, 43.61168196492639, 52.545744356474, 16.55268170179657], "coeffs": [5.001424472408061, 3.9037126041743733, 2.9307635290595435, 0.670004529260441, 3.487568543068145], "conts": 0.0, "noice": 0.0, "trend_power": 1}, "ts_2": {"periods": [10.629687818917768, 6.948339064805681, 24.983635673355575, 15.962114357621576, 5.379986046748234], "coeffs": [5.001424472408061, 3.9037126041743733, 2.9307635290595435, 0.670004529260441, 3.487568543068145], "conts": 0.0, "noice": 0.0, "trend_power": 1}, "ts_3": {"periods": [12.35542276600792, 71.67697267059471, 35.28451952427408, 30.46142884545234, 36.978680603745296], "coeffs": [5.001424472408061, 3.9037126041743733, 2.9307635290595435, 0.670004529260441, 3.487568543068145], "conts": 0.0, "noice": 0.0, "trend_power": 1}, "ts_4": {"periods": [34.189875404633185, 12.125924673244644, 15.552093247795503, 29.091874868383886, 21.105979062875598], "coeffs": [5.001424472408061, 3.9037126041743733, 2.9307635290595435, 0.670004529260441, 3.487568543068145], "conts": 0.0, "noice": 0.0, "trend_power": 1}}, "fundemental_ts_1": {"ts_0": {"periods": [10.31523603554164, 9.557089933754078, 23.1191036012332, 34.0227982054261, 23.464457413037174], "coeffs": [5.697524498696596, 3.376623125170893, 6.154339491610953, 5.790019239242211, 0.1942055771906409], "conts": 0.0, "noice": 0.0, "trend_power": 1}, "ts_1": {"periods": [17.895038742130104, 29.619723966288717, 26.28026273709022, 38.553931157388064, 22.730048259857973], "coeffs": [5.697524498696596, 3.376623125170893, 6.154339491610953, 5.790019239242211, 0.1942055771906409], "conts": 0.0, "noice": 0.0, "trend_power": 1}, "ts_2": {"periods": [29.159356643969844, 5.968753519894793, 30.989239418322374, 15.480199632987645, 27.42514747853073], "coeffs": [5.697524498696596, 3.376623125170893, 6.154339491610953, 5.790019239242211, 0.1942055771906409], "conts": 0.0, "noice": 0.0, "trend_power": 1}, "ts_3": {"periods": [72.23966801543473, 58.66219506613861, 43.82672314089322, 64.19499508564408, 64.5625511264319], "coeffs": [5.697524498696596, 3.376623125170893, 6.154339491610953, 5.790019239242211, 0.1942055771906409], "conts": 0.0, "noice": 0.0, "trend_power": 1}, "ts_4": {"periods": [15.303735556445147, 34.99518363785293, 12.711048722584874, 30.72495517574258, 28.85450609324502], "coeffs": [5.697524498696596, 3.376623125170893, 6.154339491610953, 5.790019239242211, 0.1942055771906409], "conts": 0.0, "noice": 0.0, "trend_power": 1}}, "fundemental_ts_2": {"ts_0": {"periods": [29.449010049961633, 34.11681285413128, 14.832754305013404, 7.845615908444685, 12.921088211769476], "coeffs": [5.26651624575584, 2.323103243071893, 6.279895453108404, 4.468014201596317, 5.971189055213034], "conts": 0.0, "noice": 0.0, "trend_power": 1}, "ts_1": {"periods": [47.88371584496734, 34.83562525485823, 57.09534321794185, 71.57410705261799, 72.11479219100029], "coeffs": [5.26651624575584, 2.323103243071893, 6.279895453108404, 4.468014201596317, 5.971189055213034], "conts": 0.0, "noice": 0.0, "trend_power": 1}, "ts_2": {"periods": [15.262363494354393, 32.599154247958644, 18.52149000303715, 34.39443911995908, 22.889288425524775], "coeffs": [5.26651624575584, 2.323103243071893, 6.279895453108404, 4.468014201596317, 5.971189055213034], "conts": 0.0, "noice": 0.0, "trend_power": 1}, "ts_3": {"periods": [74.2130003559356, 51.15385654671609, 12.343811383033383, 68.54899137086346, 13.607048350257765], "coeffs": [5.26651624575584, 2.323103243071893, 6.279895453108404, 4.468014201596317, 5.971189055213034], "conts": 0.0, "noice": 0.0, "trend_power": 1}, "ts_4": {"periods": [28.71534901632715, 24.593508929974966, 31.73645612632254, 34.31856605164604, 13.994774865342333], "coeffs": [5.26651624575584, 2.323103243071893, 6.279895453108404, 4.468014201596317, 5.971189055213034], "conts": 0.0, "noice": 0.0, "trend_power": 1}}, "fundemental_ts_3": {"ts_0": {"periods": [7.6240576593477805, 10.12204264279267, 23.069309941627797, 20.81954592049105, 27.35471834481636], "coeffs": [5.932063183739575, 0.634876153830575, 0.5997002167101958, 4.337638215878441, 1.733303025271033], "conts": 0.0, "noice": 0.0, "trend_power": 1}, "ts_1": {"periods": [22.282164096845516, 6.735053092812278, 41.76010623895905, 24.801038443927055, 26.30439165052782], "coeffs": [5.932063183739575, 0.634876153830575, 0.5997002167101958, 4.337638215878441, 1.733303025271033], "conts": 0.0, "noice": 0.0, "trend_power": 1}, "ts_2": {"periods": [23.364765953494636, 30.44413626153039, 27.63324703722061, 21.151546822261864, 14.622521164446592], "coeffs": [5.932063183739575, 0.634876153830575, 0.5997002167101958, 4.337638215878441, 1.733303025271033], "conts": 0.0, "noice": 0.0, "trend_power": 1}, "ts_3": {"periods": [22.34274065862367, 22.871232130868574, 16.80219289974479, 66.21052992481602, 19.39078428608138], "coeffs": [5.932063183739575, 0.634876153830575, 0.5997002167101958, 4.337638215878441, 1.733303025271033], "conts": 0.0, "noice": 0.0, "trend_power": 1}, "ts_4": {"periods": [11.780598825637746, 26.31506525699465, 28.37494686251618, 24.197823925175605, 12.89896956829292], "coeffs": [5.932063183739575, 0.634876153830575, 0.5997002167101958, 4.337638215878441, 1.733303025271033], "conts": 0.0, "noice": 0.0, "trend_power": 1}}, "fundemental_ts_4": {"ts_0": {"periods": [13.97131552413201, 16.318815910634, 6.463376525671853, 33.07981236249006, 28.833482180060447], "coeffs": [2.900865065654427, 3.1446260982302414, 2.4003489163551825, 6.828881325717207, 3.204887690694066], "conts": 0.0, "noice": 0.0, "trend_power": 1}, "ts_1": {"periods": [45.604463904604664, 70.33043353818113, 58.64806975547422, 44.95437011353223, 42.48953574561531], "coeffs": [2.900865065654427, 3.1446260982302414, 2.4003489163551825, 6.828881325717207, 3.204887690694066], "conts": 0.0, "noice": 0.0, "trend_power": 1}, "ts_2": {"periods": [34.00405392174726, 6.008967848647012, 8.233154818333816, 24.479625128056643, 21.50841869271553], "coeffs": [2.900865065654427, 3.1446260982302414, 2.4003489163551825, 6.828881325717207, 3.204887690694066], "conts": 0.0, "noice": 0.0, "trend_power": 1}, "ts_3": {"periods": [45.59305818027594, 40.95478949459814, 70.78572409823875, 73.65518699200341, 33.175901432595985], "coeffs": [2.900865065654427, 3.1446260982302414, 2.4003489163551825, 6.828881325717207, 3.204887690694066], "conts": 0.0, "noice": 0.0, "trend_power": 1}, "ts_4": {"periods": [21.564372419240573, 14.411156921445713, 14.902245831201624, 31.94827878688304, 18.63792303483521], "coeffs": [2.900865065654427, 3.1446260982302414, 2.4003489163551825, 6.828881325717207, 3.204887690694066], "conts": 0.0, "noice": 0.0, "trend_power": 1}}, "fundemental_ts_5": {"ts_0": {"periods": [18.495429345238165, 20.910403113984437, 6.666723552206323, 15.22948096875348, 15.734844406001178], "coeffs": [1.921129537077654, 3.0771131774296396, 5.361640181000266, 4.290461961049591, 5.902011377783172], "conts": 0.0, "noice": 0.0, "trend_power": 1}, "ts_1": {"periods": [12.195734774118284, 12.505199869270935, 59.346018896012694, 12.834682106352805, 12.292179235481427], "coeffs": [1.921129537077654, 3.0771131774296396, 5.361640181000266, 4.290461961049591, 5.902011377783172], "conts": 0.0, "noice": 0.0, "trend_power": 1}, "ts_2": {"periods": [30.685311753262667, 27.30457765848233, 11.985897386074274, 28.85065045829863, 25.38292554220621], "coeffs": [1.921129537077654, 3.0771131774296396, 5.361640181000266, 4.290461961049591, 5.902011377783172], "conts": 0.0, "noice": 0.0, "trend_power": 1}, "ts_3": {"periods": [49.22973621719983, 39.83756220937413, 73.97989184824905, 53.24779387672537, 8.126185792101042],