{"fundemental_ts_0": {"ts_0": {"periods": [31.158026386849265, 17.79974961943998, 19.369363911514235, 20.685407384413246, 6.966575233096029], "coeffs": [1.3193737651040145, 5.329457960249403, 0.261425528369298, 5.840097475756555, 3.7479401117265763], "conts": 0.0, "noice": 0.0, "trend_power": 1}, "ts_1": {"periods": [14.417273975733025, 66.83727446433811, 23.834144833854797, 51.03916736434686, 57.43283952202237], "coeffs": [1.3193737651040145, 5.329457960249403, 0.261425528369298, 5.840097475756555, 3.7479401117265763], "conts": 0.0, "noice": 0.0, "trend_power": 1}, "ts_2": {"periods": [7.158960388204765, 5.368903058277244, 10.78349369974834, 24.410599161764228, 32.1951179485879], "coeffs": [1.3193737651040145, 5.329457960249403, 0.261425528369298, 5.840097475756555, 3.7479401117265763], "conts": 0.0, "noice": 0.0, "trend_power": 1}, "ts_3": {"periods": [56.73308732142719, 68.31809728023606, 14.171920008305172, 65.22755839566481, 55.066933797425], "coeffs": [1.3193737651040145, 5.329457960249403, 0.261425528369298, 5.840097475756555, 3.7479401117265763], "conts": 0.0, "noice": 0.0, "trend_power": 1}, "ts_4": {"periods": [15.933511047492276, 27.482756428335044, 34.116536682889375, 34.13500446253468, 15.428984393772161], "coeffs": [1.3193737651040145, 5.329457960249403, 0.261425528369298, 5.840097475756555, 3.7479401117265763], "conts": 0.0, "noice": 0.0, "trend_power": 1}}, "fundemental_ts_1": {"ts_0": {"periods": [29.98378513691569, 34.01590382505734, 11.064101441589896, 8.122910243277042, 30.517971670981588], "coeffs": [1.0592852010465437, 2.2146213310576446, 1.5725341728837259, 5.523529933598958, 5.091061530957421], "conts": 0.0, "noice": 0.0, "trend_power": 1}, "ts_1": {"periods": [55.909994818334816, 70.92652359762289, 38.31586304552102, 10.517321857135393, 12.428942402533188], "coeffs": [1.0592852010465437, 2.2146213310576446, 1.5725341728837259, 5.523529933598958, 5.091061530957421], "conts": 0.0, "noice": 0.0, "trend_power": 1}, "ts_2": {"periods": [32.50537449269494, 5.77009256457946, 17.106532385470167, 32.919846453205835, 7.961749521654323], "coeffs": [1.0592852010465437, 2.2146213310576446, 1.5725341728837259, 5.523529933598958, 5.091061530957421], "conts": 0.0, "noice": 0.0, "trend_power": 1}, "ts_3": {"periods": [22.149714142262205, 69.40931111182236, 47.93742575229674, 15.908207990692576, 32.30631187081165], "coeffs": [1.0592852010465437, 2.2146213310576446, 1.5725341728837259, 5.523529933598958, 5.091061530957421], "conts": 0.0, "noice": 0.0, "trend_power": 1}, "ts_4": {"periods": [34.122316356000795, 19.3011765719281, 24.829538831409746, 17.349371182314215, 30.316459797315755], "coeffs": [1.0592852010465437, 2.2146213310576446, 1.5725341728837259, 5.523529933598958, 5.091061530957421], "conts": 0.0, "noice": 0.0, "trend_power": 1}}, "fundemental_ts_2": {"ts_0": {"periods": [11.164824894240844, 8.299407764936259, 7.004356781905852, 27.865075660068143, 5.069282605496514], "coeffs": [6.152140688077811, 4.3415774792110655, 2.94678593725069, 1.3186734783415175, 5.345643911771932], "conts": 0.0, "noice": 0.0, "trend_power": 1}, "ts_1": {"periods": [67.88029315132928, 35.89719752024405, 17.259905768293425, 6.596777408756838, 34.511585744337594], "coeffs": [6.152140688077811, 4.3415774792110655, 2.94678593725069, 1.3186734783415175, 5.345643911771932], "conts": 0.0, "noice": 0.0, "trend_power": 1}, "ts_2": {"periods": [20.96145573863958, 7.628055327369276, 13.330504153280344, 27.312131581943753, 15.746469685027076], "coeffs": [6.152140688077811, 4.3415774792110655, 2.94678593725069, 1.3186734783415175, 5.345643911771932], "conts": 0.0, "noice": 0.0, "trend_power": 1}, "ts_3": {"periods": [31.95266279413373, 5.6087160194378765, 55.74115165714219, 27.218592240661188, 20.752440905708134], "coeffs": [6.152140688077811, 4.3415774792110655, 2.94678593725069, 1.3186734783415175, 5.345643911771932], "conts": 0.0, "noice": 0.0, "trend_power": 1}, "ts_4": {"periods": [19.447131723278282, 34.59428886571614, 21.908946677614118, 9.144134575011972, 6.781232461766367], "coeffs": [6.152140688077811, 4.3415774792110655, 2.94678593725069, 1.3186734783415175, 5.345643911771932], "conts": 0.0, "noice": 0.0, "trend_power": 1}}, "fundemental_ts_3": {"ts_0": {"periods": [22.927198766905253, 33.252974139938196, 24.849715216065526, 27.70960126996522, 31.77792095993363], "coeffs": [4.921717387157885, 2.0817070783188303, 0.7790591723465193, 1.895296863691248, 6.062962984789104], "conts": 0.0, "noice": 0.0, "trend_power": 1}, "ts_1": {"periods": [23.909937170121985, 63.86154183211886, 62.91874230262817, 45.485173425703245, 28.610504373386608], "coeffs": [4.921717387157885, 2.0817070783188303, 0.7790591723465193, 1.895296863691248, 6.062962984789104], "conts": 0.0, "noice": 0.0, "trend_power": 1}, "ts_2": {"periods": [24.459557250874017, 6.246936377555423, 26.05507768400776, 7.687745902667789, 18.42268891506609], "coeffs": [4.921717387157885, 2.0817070783188303, 0.7790591723465193, 1.895296863691248, 6.062962984789104], "conts": 0.0, "noice": 0.0, "trend_power": 1}, "ts_3": {"periods": [15.804659808142802, 18.758785952952515, 69.84185642349554, 41.04204384146097, 55.05178460290101], "coeffs": [4.921717387157885, 2.0817070783188303, 0.7790591723465193, 1.895296863691248, 6.062962984789104], "conts": 0.0, "noice": 0.0, "trend_power": 1}, "ts_4": {"periods": [21.809318941922573, 32.56493687938686, 21.772363779400408, 32.25259828907582, 11.23549016423528], "coeffs": [4.921717387157885, 2.0817070783188303, 0.7790591723465193, 1.895296863691248, 6.062962984789104], "conts": 0.0, "noice": 0.0, "trend_power": 1}}, "fundemental_ts_4": {"ts_0": {"periods": [17.298623466979116, 25.481869006539192, 27.898468699371886, 29.386290651043552, 6.7316298676150215], "coeffs": [5.0557252836362965, 2.5412410864807544, 0.799737869881212, 2.592045487130753, 2.266525218762749], "conts": 0.0, "noice": 0.0, "trend_power": 1}, "ts_1": {"periods": [64.29756871571183, 9.652175509484522, 63.23899693787827, 69.20068369751384, 69.42107099742995], "coeffs": [5.0557252836362965, 2.5412410864807544, 0.799737869881212, 2.592045487130753, 2.266525218762749], "conts": 0.0, "noice": 0.0, "trend_power": 1}, "ts_2": {"periods": [28.214493095876172, 7.282841203397295, 23.17727463591559, 29.892262310141053, 11.702961783944602], "coeffs": [5.0557252836362965, 2.5412410864807544, 0.799737869881212, 2.592045487130753, 2.266525218762749], "conts": 0.0, "noice": 0.0, "trend_power": 1}, "ts_3": {"periods": [67.77697956758851, 59.90216383638436, 21.93896815533693, 11.577469601204392, 61.73142647177522], "coeffs": [5.0557252836362965, 2.5412410864807544, 0.799737869881212, 2.592045487130753, 2.266525218762749], "conts": 0.0, "noice": 0.0, "trend_power": 1}, "ts_4": {"periods": [31.086124874345387, 13.534144538156767, 25.817703841640753, 7.539443153814908, 29.90302482558318], "coeffs": [5.0557252836362965, 2.5412410864807544, 0.799737869881212, 2.592045487130753, 2.266525218762749], "conts": 0.0, "noice": 0.0, "trend_power": 1}}, "fundemental_ts_5": {"ts_0": {"periods": [6.365240911953732, 8.83031857075432, 16.247373846999672, 11.731067727234432, 28.993661637095027], "coeffs": [2.750049139517826, 2.7078870977164744, 2.4608767594785794, 2.878677404248582, 6.276418477489387], "conts": 0.0, "noice": 0.0, "trend_power": 1}, "ts_1": {"periods": [38.01582921785873, 24.0402869259706, 43.50958259945013, 66.34604221978941, 38.79678008439044], "coeffs": [2.750049139517826, 2.7078870977164744, 2.4608767594785794, 2.878677404248582, 6.276418477489387], "conts": 0.0, "noice": 0.0, "trend_power": 1}, "ts_2": {"periods": [31.077715967359868, 10.16317003265444, 5.426937152966749, 33.063216225631265, 13.06034949746096], "coeffs": [2.750049139517826, 2.7078870977164744, 2.4608767594785794, 2.878677404248582, 6.276418477489387], "conts": 0.0, "noice": 0.0, "trend_power": 1}, "ts_3": {"periods": [26.569660849590566, 54.746667096341625, 64.43737047280592, 40.97581159506031, 38.2065844002089],