{"fundemental_ts_0": {"ts_0": {"periods": [29.628376194053878, 27.99589368077591, 8.169358914815167, 11.030159587923329, 19.973262720795994], "coeffs": [3.5109555146569087, 4.953579854395828, 4.066919675862855, 3.8486873082010593, 3.965675835455724], "conts": 0.0, "noice": 0.0, "trend_power": 1}, "ts_1": {"periods": [18.41206575194548, 38.01403539839359, 36.613119893232174, 53.13291704215544, 7.348289843339176], "coeffs": [3.5109555146569087, 4.953579854395828, 4.066919675862855, 3.8486873082010593, 3.965675835455724], "conts": 0.0, "noice": 0.0, "trend_power": 1}, "ts_2": {"periods": [22.50471095068841, 15.31159562721204, 11.089349515241693, 21.51877515828524, 21.570395286135664], "coeffs": [3.5109555146569087, 4.953579854395828, 4.066919675862855, 3.8486873082010593, 3.965675835455724], "conts": 0.0, "noice": 0.0, "trend_power": 1}, "ts_3": {"periods": [46.967195548064, 39.366407431041644, 53.982800180299584, 63.783704524668465, 9.418111714138565], "coeffs": [3.5109555146569087, 4.953579854395828, 4.066919675862855, 3.8486873082010593, 3.965675835455724], "conts": 0.0, "noice": 0.0, "trend_power": 1}, "ts_4": {"periods": [33.3573003018656, 9.308402164273918, 18.971810080960132, 7.204046528757797, 34.66344442623567], "coeffs": [3.5109555146569087, 4.953579854395828, 4.066919675862855, 3.8486873082010593, 3.965675835455724], "conts": 0.0, "noice": 0.0, "trend_power": 1}}, "fundemental_ts_1": {"ts_0": {"periods": [19.37871252024021, 21.00115263540725, 9.789640928989694, 19.87717694558384, 19.779183789790203], "coeffs": [3.289331745724334, 4.03057431978932, 5.889531681897811, 4.07601282248834, 0.16854305607325037], "conts": 0.0, "noice": 0.0, "trend_power": 1}, "ts_1": {"periods": [9.359348359473143, 71.09146314230921, 6.015206979825009, 34.12004369122326, 34.01031796376557], "coeffs": [3.289331745724334, 4.03057431978932, 5.889531681897811, 4.07601282248834, 0.16854305607325037], "conts": 0.0, "noice": 0.0, "trend_power": 1}, "ts_2": {"periods": [18.08733318441206, 33.8534723267981, 17.36669521832644, 27.104538973095806, 8.796469088007562], "coeffs": [3.289331745724334, 4.03057431978932, 5.889531681897811, 4.07601282248834, 0.16854305607325037], "conts": 0.0, "noice": 0.0, "trend_power": 1}, "ts_3": {"periods": [39.269610498725896, 22.10828344597188, 11.156112261429117, 34.41960905510488, 42.322470242271656], "coeffs": [3.289331745724334, 4.03057431978932, 5.889531681897811, 4.07601282248834, 0.16854305607325037], "conts": 0.0, "noice": 0.0, "trend_power": 1}, "ts_4": {"periods": [18.605391446630982, 30.176661962145552, 19.892022798193956, 9.736607410604641, 5.0278635954387605], "coeffs": [3.289331745724334, 4.03057431978932, 5.889531681897811, 4.07601282248834, 0.16854305607325037], "conts": 0.0, "noice": 0.0, "trend_power": 1}}, "fundemental_ts_2": {"ts_0": {"periods": [16.59488427460001, 17.281702063813057, 24.20748324279078, 21.17357669775886, 26.152249581280483], "coeffs": [6.954842169973382, 6.639039650449494, 1.9882292168956794, 0.9127732352818858, 0.283805381479762], "conts": 0.0, "noice": 0.0, "trend_power": 1}, "ts_1": {"periods": [53.83400085721678, 17.720287703525663, 17.287504699330633, 21.412220409074266, 29.651836173297475], "coeffs": [6.954842169973382, 6.639039650449494, 1.9882292168956794, 0.9127732352818858, 0.283805381479762], "conts": 0.0, "noice": 0.0, "trend_power": 1}, "ts_2": {"periods": [9.960974701721202, 8.718632256461673, 32.68109838884571, 6.547572336453613, 28.06726045707466], "coeffs": [6.954842169973382, 6.639039650449494, 1.9882292168956794, 0.9127732352818858, 0.283805381479762], "conts": 0.0, "noice": 0.0, "trend_power": 1}, "ts_3": {"periods": [22.933425609305765, 56.10305083887665, 24.255233094777118, 29.64366049381723, 47.75149911284955], "coeffs": [6.954842169973382, 6.639039650449494, 1.9882292168956794, 0.9127732352818858, 0.283805381479762], "conts": 0.0, "noice": 0.0, "trend_power": 1}, "ts_4": {"periods": [25.595428712001656, 9.712894503899541, 6.268033873307573, 9.201367838296793, 20.72280877318285], "coeffs": [6.954842169973382, 6.639039650449494, 1.9882292168956794, 0.9127732352818858, 0.283805381479762], "conts": 0.0, "noice": 0.0, "trend_power": 1}}, "fundemental_ts_3": {"ts_0": {"periods": [19.237970025533564, 13.25013722346306, 7.979282861985696, 29.640849642968004, 33.96049226137307], "coeffs": [3.5451361275243807, 5.895362726276945, 6.347891116262908, 6.48678273914787, 2.0989980062787064], "conts": 0.0, "noice": 0.0, "trend_power": 1}, "ts_1": {"periods": [42.909704050533875, 38.74166187442004, 19.930659705379078, 72.9282033660967, 32.12731999737947], "coeffs": [3.5451361275243807, 5.895362726276945, 6.347891116262908, 6.48678273914787, 2.0989980062787064], "conts": 0.0, "noice": 0.0, "trend_power": 1}, "ts_2": {"periods": [9.361610673618205, 9.359211248265833, 16.522443111483504, 15.685311362158025, 13.065288705224564], "coeffs": [3.5451361275243807, 5.895362726276945, 6.347891116262908, 6.48678273914787, 2.0989980062787064], "conts": 0.0, "noice": 0.0, "trend_power": 1}, "ts_3": {"periods": [40.03673193608533, 43.92394899516272, 29.05091955277663, 47.20676828020098, 41.00095225715029], "coeffs": [3.5451361275243807, 5.895362726276945, 6.347891116262908, 6.48678273914787, 2.0989980062787064], "conts": 0.0, "noice": 0.0, "trend_power": 1}, "ts_4": {"periods": [21.60620360218848, 31.72270116585545, 14.91133843311964, 27.54034367233564, 11.01692871644156], "coeffs": [3.5451361275243807, 5.895362726276945, 6.347891116262908, 6.48678273914787, 2.0989980062787064], "conts": 0.0, "noice": 0.0, "trend_power": 1}}, "fundemental_ts_4": {"ts_0": {"periods": [14.751973674072268, 33.64408115645479, 28.652457217718716, 30.241585581440546, 27.37465261461416], "coeffs": [6.6626868744791405, 5.167157112653266, 0.311494111316146, 1.2168864766304326, 0.98067816939691], "conts": 0.0, "noice": 0.0, "trend_power": 1}, "ts_1": {"periods": [28.816697128297818, 15.423856321802305, 70.20672129494034, 67.25360515869416, 10.629827882372933], "coeffs": [6.6626868744791405, 5.167157112653266, 0.311494111316146, 1.2168864766304326, 0.98067816939691], "conts": 0.0, "noice": 0.0, "trend_power": 1}, "ts_2": {"periods": [24.714516228968595, 7.334637290779131, 21.982669395457574, 17.47395039288643, 16.265695677051596], "coeffs": [6.6626868744791405, 5.167157112653266, 0.311494111316146, 1.2168864766304326, 0.98067816939691], "conts": 0.0, "noice": 0.0, "trend_power": 1}, "ts_3": {"periods": [57.292917917421505, 22.55994844511713, 45.62388884487156, 58.81395098508249, 60.374486437542956], "coeffs": [6.6626868744791405, 5.167157112653266, 0.311494111316146, 1.2168864766304326, 0.98067816939691], "conts": 0.0, "noice": 0.0, "trend_power": 1}, "ts_4": {"periods": [13.29224023567248, 16.09737099815184, 30.06213325435923, 19.97491133187594, 32.65561144174886], "coeffs": [6.6626868744791405, 5.167157112653266, 0.311494111316146, 1.2168864766304326, 0.98067816939691], "conts": 0.0, "noice": 0.0, "trend_power": 1}}, "fundemental_ts_5": {"ts_0": {"periods": [29.146601680118597, 20.765730868379173, 20.80123656089522, 19.302684807868335, 21.970661460181237], "coeffs": [2.8566047284573477, 5.023759503429456, 1.11507367356807, 6.469566120747469, 0.8316043286197938], "conts": 0.0, "noice": 0.0, "trend_power": 1}, "ts_1": {"periods": [51.62508051510631, 12.113609422851368, 50.90251000231219, 71.09287726492136, 13.699342719066285], "coeffs": [2.8566047284573477, 5.023759503429456, 1.11507367356807, 6.469566120747469, 0.8316043286197938], "conts": 0.0, "noice": 0.0, "trend_power": 1}, "ts_2": {"periods": [13.747422631146495, 7.65145396496996, 20.517031678133236, 9.99469006082526, 9.82573403886965], "coeffs": [2.8566047284573477, 5.023759503429456, 1.11507367356807, 6.469566120747469, 0.8316043286197938], "conts": 0.0, "noice": 0.0, "trend_power": 1}, "ts_3": {"periods": [33.73169935639918, 52.502810278989244, 19.42832309736211, 41.928086537525886, 56.023275833526235],