{"fundemental_ts_0": {"ts_0": {"periods": [10.162405904167029, 20.72705882216662, 26.378082179216207, 5.212010388513929, 6.271062324053657], "coeffs": [4.340521188081202, 4.81053386633382, 3.485777937939528, 3.227894849317611, 2.583226640379269], "conts": 0.0, "noice": 0.0, "trend_power": 1}, "ts_1": {"periods": [44.01639255370042, 57.41489770756483, 61.8938731362018, 66.61957296426608, 59.4812932488403], "coeffs": [4.340521188081202, 4.81053386633382, 3.485777937939528, 3.227894849317611, 2.583226640379269], "conts": 0.0, "noice": 0.0, "trend_power": 1}, "ts_2": {"periods": [18.448389615560348, 12.164323975866559, 24.822335797121138, 23.487827364915372, 23.02042398844908], "coeffs": [4.340521188081202, 4.81053386633382, 3.485777937939528, 3.227894849317611, 2.583226640379269], "conts": 0.0, "noice": 0.0, "trend_power": 1}, "ts_3": {"periods": [47.24291107864156, 41.40553673230252, 55.35739425950572, 52.41742498982421, 67.64893159273498], "coeffs": [4.340521188081202, 4.81053386633382, 3.485777937939528, 3.227894849317611, 2.583226640379269], "conts": 0.0, "noice": 0.0, "trend_power": 1}, "ts_4": {"periods": [23.315694407571716, 24.574967281880188, 7.357198528990544, 22.797569572478942, 18.03043206727424], "coeffs": [4.340521188081202, 4.81053386633382, 3.485777937939528, 3.227894849317611, 2.583226640379269], "conts": 0.0, "noice": 0.0, "trend_power": 1}}, "fundemental_ts_1": {"ts_0": {"periods": [26.412851958839518, 24.433537984235926, 33.321463225869934, 6.105913875029406, 13.132866417915256], "coeffs": [5.438701699792572, 6.90346272054115, 5.277798975466741, 6.38824769478925, 3.9910717953753543], "conts": 0.0, "noice": 0.0, "trend_power": 1}, "ts_1": {"periods": [47.34122447577384, 22.559168728075488, 41.282897987657606, 51.14321300966913, 66.50087050646897], "coeffs": [5.438701699792572, 6.90346272054115, 5.277798975466741, 6.38824769478925, 3.9910717953753543], "conts": 0.0, "noice": 0.0, "trend_power": 1}, "ts_2": {"periods": [25.130072580549722, 27.49988627301953, 21.620016539021012, 30.03351318514445, 25.732363289079423], "coeffs": [5.438701699792572, 6.90346272054115, 5.277798975466741, 6.38824769478925, 3.9910717953753543], "conts": 0.0, "noice": 0.0, "trend_power": 1}, "ts_3": {"periods": [35.0588150536773, 31.34670828056714, 41.316651653225506, 26.666499343097744, 52.85528680022427], "coeffs": [5.438701699792572, 6.90346272054115, 5.277798975466741, 6.38824769478925, 3.9910717953753543], "conts": 0.0, "noice": 0.0, "trend_power": 1}, "ts_4": {"periods": [19.832451222015756, 8.485177516053898, 18.167994545503245, 5.11033044253368, 21.272831983460012], "coeffs": [5.438701699792572, 6.90346272054115, 5.277798975466741, 6.38824769478925, 3.9910717953753543], "conts": 0.0, "noice": 0.0, "trend_power": 1}}, "fundemental_ts_2": {"ts_0": {"periods": [16.133678804047097, 20.028626872097657, 7.4318969879005685, 33.34442864115273, 29.85938457381606], "coeffs": [6.155365863005366, 5.103896164385185, 0.48730767968006505, 3.6570283950718547, 2.7532483069822056], "conts": 0.0, "noice": 0.0, "trend_power": 1}, "ts_1": {"periods": [49.38360131494952, 48.382966749524385, 51.584409202903345, 42.46601236274512, 31.785541169840837], "coeffs": [6.155365863005366, 5.103896164385185, 0.48730767968006505, 3.6570283950718547, 2.7532483069822056], "conts": 0.0, "noice": 0.0, "trend_power": 1}, "ts_2": {"periods": [28.339965671042876, 9.936594372691921, 31.239238739529466, 26.199025398595538, 15.467168308498096], "coeffs": [6.155365863005366, 5.103896164385185, 0.48730767968006505, 3.6570283950718547, 2.7532483069822056], "conts": 0.0, "noice": 0.0, "trend_power": 1}, "ts_3": {"periods": [30.852522398023176, 10.086958481510607, 25.4673222747487, 43.801011544837515, 67.15479576614581], "coeffs": [6.155365863005366, 5.103896164385185, 0.48730767968006505, 3.6570283950718547, 2.7532483069822056], "conts": 0.0, "noice": 0.0, "trend_power": 1}, "ts_4": {"periods": [17.867989854420863, 32.84075748276278, 22.28837045957267, 14.63640889600429, 34.72614565727109], "coeffs": [6.155365863005366, 5.103896164385185, 0.48730767968006505, 3.6570283950718547, 2.7532483069822056], "conts": 0.0, "noice": 0.0, "trend_power": 1}}, "fundemental_ts_3": {"ts_0": {"periods": [31.996497893559447, 14.191216178988883, 25.929830286319383, 11.518853447385418, 7.583870181124905], "coeffs": [1.0407589494851461, 3.922433058898228, 2.1335223457020382, 0.23419824481586016, 5.8013796103478965], "conts": 0.0, "noice": 0.0, "trend_power": 1}, "ts_1": {"periods": [11.723713769200536, 25.824674077392764, 52.9790485432671, 9.64008652463601, 5.040513298512652], "coeffs": [1.0407589494851461, 3.922433058898228, 2.1335223457020382, 0.23419824481586016, 5.8013796103478965], "conts": 0.0, "noice": 0.0, "trend_power": 1}, "ts_2": {"periods": [5.634853941259891, 10.259599577266602, 32.2357920719835, 29.62331788182631, 33.76567097831727], "coeffs": [1.0407589494851461, 3.922433058898228, 2.1335223457020382, 0.23419824481586016, 5.8013796103478965], "conts": 0.0, "noice": 0.0, "trend_power": 1}, "ts_3": {"periods": [37.520626478017746, 5.8007946351609245, 55.29974468860745, 31.300492025846186, 17.006267546905317], "coeffs": [1.0407589494851461, 3.922433058898228, 2.1335223457020382, 0.23419824481586016, 5.8013796103478965], "conts": 0.0, "noice": 0.0, "trend_power": 1}, "ts_4": {"periods": [29.436761870562485, 32.37041881383692, 28.99531357097328, 28.011820165268933, 7.326007253152902], "coeffs": [1.0407589494851461, 3.922433058898228, 2.1335223457020382, 0.23419824481586016, 5.8013796103478965], "conts": 0.0, "noice": 0.0, "trend_power": 1}}, "fundemental_ts_4": {"ts_0": {"periods": [26.444760673266483, 27.19542488307773, 5.490869061606531, 10.750584140963344, 21.6692771412975], "coeffs": [6.853479222734381, 4.671464842031129, 6.9153593982106845, 0.284288768967364, 0.6878057596377231], "conts": 0.0, "noice": 0.0, "trend_power": 1}, "ts_1": {"periods": [37.42632373492577, 33.012738075026235, 52.5354019522491, 10.235621515120311, 74.64950276901942], "coeffs": [6.853479222734381, 4.671464842031129, 6.9153593982106845, 0.284288768967364, 0.6878057596377231], "conts": 0.0, "noice": 0.0, "trend_power": 1}, "ts_2": {"periods": [11.577322683954579, 8.64946049457147, 7.58978257607145, 17.07391959482479, 17.685011119108196], "coeffs": [6.853479222734381, 4.671464842031129, 6.9153593982106845, 0.284288768967364, 0.6878057596377231], "conts": 0.0, "noice": 0.0, "trend_power": 1}, "ts_3": {"periods": [71.45577555347096, 65.47374727076033, 12.204128010355998, 29.797280944219974, 62.387931808145915], "coeffs": [6.853479222734381, 4.671464842031129, 6.9153593982106845, 0.284288768967364, 0.6878057596377231], "conts": 0.0, "noice": 0.0, "trend_power": 1}, "ts_4": {"periods": [6.837906088924598, 34.5652164943085, 22.417621309247373, 32.18775261565024, 22.426919462226177], "coeffs": [6.853479222734381, 4.671464842031129, 6.9153593982106845, 0.284288768967364, 0.6878057596377231], "conts": 0.0, "noice": 0.0, "trend_power": 1}}, "fundemental_ts_5": {"ts_0": {"periods": [6.340408280022466, 33.369705622990786, 10.079926404393587, 24.94147338275186, 5.044094235154968], "coeffs": [0.8709413327975898, 3.854183702518316, 6.347860650316607, 6.507225949947415, 1.8068301668428377], "conts": 0.0, "noice": 0.0, "trend_power": 1}, "ts_1": {"periods": [21.439195207953436, 30.479003034333587, 8.390599171970473, 23.577635184517685, 45.55156025172205], "coeffs": [0.8709413327975898, 3.854183702518316, 6.347860650316607, 6.507225949947415, 1.8068301668428377], "conts": 0.0, "noice": 0.0, "trend_power": 1}, "ts_2": {"periods": [22.664841935358183, 29.011664597312564, 24.96187067566921, 9.550647783273044, 34.978930330358224], "coeffs": [0.8709413327975898, 3.854183702518316, 6.347860650316607, 6.507225949947415, 1.8068301668428377], "conts": 0.0, "noice": 0.0, "trend_power": 1}, "ts_3": {"periods": [67.8009260981952, 66.78910332821425, 35.04841215089945, 73.65206398043767, 54.36242957762016],