{"fundemental_ts_0": {"ts_0": {"periods": [19.116737863300596, 12.018444076816833, 31.23963550246347, 23.766652498845442, 32.233975482273564], "coeffs": [5.662664585303938, 0.9806259803331631, 3.4764739225555883, 3.725966509974458, 3.0920088623115243], "conts": 0.0, "noice": 0.0, "trend_power": 1}, "ts_1": {"periods": [31.210023351465736, 18.710966472173908, 9.8502576240597, 32.17647121667271, 26.90229479697524], "coeffs": [5.662664585303938, 0.9806259803331631, 3.4764739225555883, 3.725966509974458, 3.0920088623115243], "conts": 0.0, "noice": 0.0, "trend_power": 1}, "ts_2": {"periods": [34.879463353624956, 31.376866574164197, 30.766141814713727, 7.558963782203056, 12.007493147362883], "coeffs": [5.662664585303938, 0.9806259803331631, 3.4764739225555883, 3.725966509974458, 3.0920088623115243], "conts": 0.0, "noice": 0.0, "trend_power": 1}, "ts_3": {"periods": [35.21084006621493, 74.67096171466929, 71.09801991486245, 16.526114405261566, 26.691215745347005], "coeffs": [5.662664585303938, 0.9806259803331631, 3.4764739225555883, 3.725966509974458, 3.0920088623115243], "conts": 0.0, "noice": 0.0, "trend_power": 1}, "ts_4": {"periods": [22.791250275845627, 22.328963670790298, 32.246444770389814, 25.768117332293503, 25.479903495764685], "coeffs": [5.662664585303938, 0.9806259803331631, 3.4764739225555883, 3.725966509974458, 3.0920088623115243], "conts": 0.0, "noice": 0.0, "trend_power": 1}}, "fundemental_ts_1": {"ts_0": {"periods": [11.988648584043954, 15.005767466411443, 7.156675402255952, 33.78669023970936, 28.1892164440038], "coeffs": [1.0290704257217307, 0.7819042272226716, 6.627092189214527, 1.6472763194458335, 4.94579285892296], "conts": 0.0, "noice": 0.0, "trend_power": 1}, "ts_1": {"periods": [41.91873884412698, 31.148225219206218, 43.429056155524876, 20.830008984552443, 12.646748424340828], "coeffs": [1.0290704257217307, 0.7819042272226716, 6.627092189214527, 1.6472763194458335, 4.94579285892296], "conts": 0.0, "noice": 0.0, "trend_power": 1}, "ts_2": {"periods": [22.652219143246228, 9.014601519679793, 8.20384686154862, 8.94710010576825, 18.946002760908883], "coeffs": [1.0290704257217307, 0.7819042272226716, 6.627092189214527, 1.6472763194458335, 4.94579285892296], "conts": 0.0, "noice": 0.0, "trend_power": 1}, "ts_3": {"periods": [52.29417193865752, 21.14542623139937, 64.56946959296157, 30.850979685583184, 44.52461372116287], "coeffs": [1.0290704257217307, 0.7819042272226716, 6.627092189214527, 1.6472763194458335, 4.94579285892296], "conts": 0.0, "noice": 0.0, "trend_power": 1}, "ts_4": {"periods": [13.902088646794684, 7.857769684571166, 6.389042976808495, 21.5588997928436, 28.3210538556173], "coeffs": [1.0290704257217307, 0.7819042272226716, 6.627092189214527, 1.6472763194458335, 4.94579285892296], "conts": 0.0, "noice": 0.0, "trend_power": 1}}, "fundemental_ts_2": {"ts_0": {"periods": [29.428225369818854, 29.036248524697342, 18.175163671723695, 6.5484137685697235, 20.938556281067566], "coeffs": [3.0717476322729014, 1.6261766194526603, 3.7403770148826743, 4.229874605558562, 4.732606703552692], "conts": 0.0, "noice": 0.0, "trend_power": 1}, "ts_1": {"periods": [34.889738354515956, 21.916974567547967, 19.111664170128122, 58.32140107826677, 17.492314808144243], "coeffs": [3.0717476322729014, 1.6261766194526603, 3.7403770148826743, 4.229874605558562, 4.732606703552692], "conts": 0.0, "noice": 0.0, "trend_power": 1}, "ts_2": {"periods": [11.642428920403443, 8.489287015709701, 34.05491515032674, 29.60567003252671, 17.513949255522412], "coeffs": [3.0717476322729014, 1.6261766194526603, 3.7403770148826743, 4.229874605558562, 4.732606703552692], "conts": 0.0, "noice": 0.0, "trend_power": 1}, "ts_3": {"periods": [44.57455994471501, 10.98538444687746, 27.61911660248418, 60.025424696792236, 36.07628403550491], "coeffs": [3.0717476322729014, 1.6261766194526603, 3.7403770148826743, 4.229874605558562, 4.732606703552692], "conts": 0.0, "noice": 0.0, "trend_power": 1}, "ts_4": {"periods": [15.534290610714356, 12.04920588003417, 27.493877215738674, 28.426348489485605, 26.56741938089834], "coeffs": [3.0717476322729014, 1.6261766194526603, 3.7403770148826743, 4.229874605558562, 4.732606703552692], "conts": 0.0, "noice": 0.0, "trend_power": 1}}, "fundemental_ts_3": {"ts_0": {"periods": [21.378593772360787, 26.88337174369688, 30.601009997331968, 34.526046871729285, 24.28690842497547], "coeffs": [0.3102391386939486, 6.385645706582427, 5.148097210950003, 3.5405835852738825, 0.7277714056631861], "conts": 0.0, "noice": 0.0, "trend_power": 1}, "ts_1": {"periods": [11.389096838069422, 15.68082216231174, 19.337434743374132, 58.53751175610476, 68.03935154371922], "coeffs": [0.3102391386939486, 6.385645706582427, 5.148097210950003, 3.5405835852738825, 0.7277714056631861], "conts": 0.0, "noice": 0.0, "trend_power": 1}, "ts_2": {"periods": [10.48099532933313, 29.439030113825602, 28.98746150913206, 33.04974360967718, 30.586485176034188], "coeffs": [0.3102391386939486, 6.385645706582427, 5.148097210950003, 3.5405835852738825, 0.7277714056631861], "conts": 0.0, "noice": 0.0, "trend_power": 1}, "ts_3": {"periods": [58.25603941198167, 44.13590786779065, 9.367796971089161, 57.5378982367298, 73.89822756940426], "coeffs": [0.3102391386939486, 6.385645706582427, 5.148097210950003, 3.5405835852738825, 0.7277714056631861], "conts": 0.0, "noice": 0.0, "trend_power": 1}, "ts_4": {"periods": [15.798335415011918, 9.205857845640821, 8.55557630748569, 33.31920433918109, 29.42915898784786], "coeffs": [0.3102391386939486, 6.385645706582427, 5.148097210950003, 3.5405835852738825, 0.7277714056631861], "conts": 0.0, "noice": 0.0, "trend_power": 1}}, "fundemental_ts_4": {"ts_0": {"periods": [21.760713059058613, 16.883161076995506, 32.46224535288156, 14.189036121204172, 6.378188712702969], "coeffs": [0.763767787871951, 1.2484839927776792, 6.792611027798783, 4.475492563420564, 2.752863073681735], "conts": 0.0, "noice": 0.0, "trend_power": 1}, "ts_1": {"periods": [55.06999401747858, 61.80880483832292, 31.80992237514249, 25.771651706420144, 29.90737022072144], "coeffs": [0.763767787871951, 1.2484839927776792, 6.792611027798783, 4.475492563420564, 2.752863073681735], "conts": 0.0, "noice": 0.0, "trend_power": 1}, "ts_2": {"periods": [16.993530913910256, 8.938799585372156, 21.289209451697193, 23.70443673177773, 23.844945336419087], "coeffs": [0.763767787871951, 1.2484839927776792, 6.792611027798783, 4.475492563420564, 2.752863073681735], "conts": 0.0, "noice": 0.0, "trend_power": 1}, "ts_3": {"periods": [44.0166821710053, 41.56915649842373, 47.840784318393645, 54.24153503913251, 64.4292944341807], "coeffs": [0.763767787871951, 1.2484839927776792, 6.792611027798783, 4.475492563420564, 2.752863073681735], "conts": 0.0, "noice": 0.0, "trend_power": 1}, "ts_4": {"periods": [25.71703374027186, 34.66996339613084, 27.901205903586433, 33.542784135515404, 32.90510011717287], "coeffs": [0.763767787871951, 1.2484839927776792, 6.792611027798783, 4.475492563420564, 2.752863073681735], "conts": 0.0, "noice": 0.0, "trend_power": 1}}, "fundemental_ts_5": {"ts_0": {"periods": [14.319406023132741, 22.315748670097282, 19.3699362266101, 20.450550623149574, 20.375741760319194], "coeffs": [2.4732506048686465, 6.809071042109253, 2.5316628832743593, 3.26554107318308, 1.5264539913613278], "conts": 0.0, "noice": 0.0, "trend_power": 1}, "ts_1": {"periods": [67.57441236528936, 33.272059089862154, 68.7296435430799, 11.509668825110817, 62.8200762964693], "coeffs": [2.4732506048686465, 6.809071042109253, 2.5316628832743593, 3.26554107318308, 1.5264539913613278], "conts": 0.0, "noice": 0.0, "trend_power": 1}, "ts_2": {"periods": [8.493471394362043, 26.045522932043983, 21.388063154572368, 19.962402231844315, 28.29905876725092], "coeffs": [2.4732506048686465, 6.809071042109253, 2.5316628832743593, 3.26554107318308, 1.5264539913613278], "conts": 0.0, "noice": 0.0, "trend_power": 1}, "ts_3": {"periods": [33.90105817128405, 15.971475591385232, 53.31938210210737, 41.7038317526827, 23.13283987605349],